ID	請問你是否支持烏克蘭去納粹化？	請問你是否支持俄羅斯侵略烏克蘭？ 	2022/3/3 全台灣大停電，你認為原因為何？	請問你最關注以下哪個議題？	請問你認為，烏國／俄國哪邊會贏得戰爭？贏家會獲得什麼？	請問你認為本國應如何改善硬體、軟體、或政策，使電力供應穩定？	請問你需要回家掃墓嗎？若需要，會掃哪些人的墓？如何進行？	請問你是否支持本國婚姻平權政策？能否簡述理由？	請問你疫苗完成注射幾劑？各選了哪些廠牌？	近來俄烏之戰的發展，最令你印象深刻的，是哪則新聞？ 	請問你晚上是否曾接到拜票來電（錄音）？你通常如何回應？	請問你認為謠言的組成為何？如何查證較有效？	請問你支持本國籍人士滿 18 歲即擁投票權嗎？	請問你有屯快篩試劑嗎？	你認同打疫苗、弊大於利的看法嗎？？	請問，你支持蔣家後代從政嗎？為什麼？	請問你認同何美鄕研究員的說法嗎（台灣去年超額死亡率為負）？為什麼？
P1	5. 非常反對	5.非常反對	4.確實是跳電疏失，但輿論風向不該帶往“沒有缺電”，應該起初就好好解釋為何停電，停電跟跳電確實是兩回事。	 1. 烏俄之戰，因為影響總體經濟及財務金融層面太多，然後股票前陣子因為打仗輸很慘。	我認為兩邊都有一定程度上的損失，但以國際局勢的角度來看現在俄羅斯是完全壞人的角色，雖然掌握歐洲非常大一部份的能源主控權，但仍被經濟制裁的很慘，若以戰爭的場景來獲取勝利可能只會獲得更大的能源主控權並與北約國家打持久戰，卻仍損失了許多經貿機會，若烏克蘭取勝的話，或許能夠使北約更加強大並且獲得更多的經貿機會，脫離俄羅斯的許多政治壓力掌控，但仍有較大的機會失去俄烏邊境的兩座城市。	給工程師高一點的薪水，做好一點的系統，不要再讓唐鳳這種天才外包ＰＭ成為主流掌握大部分國家系統的設置，有些寫得很爛，不Intutitive，那不如直接找外面公司不用再透過一個人分錢。電力的話有些在做電網ＩＯＴ的公司其實都蠻有想法的，可以盡量聘請顧問，不要大部分給台電做。	還真的不需要，因為去年跟今年疫情靈骨塔在連假都沒有開放，家人已經提前去掃墓	支持，因爲選擇婚配對象應是每人與生俱來的全力，我們不該用性別認同的理由或框架綁架他人的權利，但我不贊同本國立專法的角度，因為立專法的問題層出不窮，之後還需花費大量的時間進行修法和個案調整，早在我們你訂專法之前，德國的學者就以德國立專法的真實現況來建議我們不要立專法，直接立法，但本國仍走了繞遠路的路，讓之後的行政程序更麻煩，但也剛好讓公務冗員有工作。	兩劑， 皆為AZ	俄羅斯士兵強暴烏克蘭婦女，先姦後殺，令人髪指	否	謠言的組成我認為分為目的性以及娛樂性，現在因為逼近選舉，大多的謠言都帶有目的性，以及台灣的選舉技術真的太厲害，所以各種謠言層出不窮。應該要從基本做起，訓練人民提高查證能力的素養，以及培養記者符合新聞倫理，並多方查證。	我不支持，因為不知道為什麼現在2000年後出生的小孩好像跟他講什麼都會相信，沒什麼自主判斷能力，千禧世代真的可怕，先不要放出來亂。	沒有，我不是恐慌仔	否，不打大家都會完蛋	如果是自身能力很好或者是透過自己的努力，那可以，如果只是血統buff跟黨機器的運作這樣不行，畢竟蔣先總統在台灣各種屠殺殺紅眼搜刮民脂民膏還奢望大家原諒蔣家，中正紀念堂就是蔣家遺毒。	我不認同，因為我覺得應該要針對COVID-19這個事件本身來算這個事件的死亡率，拿過去的平均來算的話我覺得並不具什麼實質意義，在前兩年，台灣確診的人相對低，那已確診的人數來算死亡率，死亡率一定是相對高的，這樣拿過去的平均來算，得出一個在這個事件中台灣有附超額死亡的概念，並沒有什麽好高興的，只是在掩飾中央回答不出來的超前部署到底部署了什麼跟接下來怎麼辦的問題，認知作戰塔綠斑老伎倆。
P2	1	2	2	6. 歐洲核子研究中心的大型量子對撞機計劃重新啟動	烏克蘭，贏得美國的後續支持和世界輿論	通過向日本引進技術	不掃	支持，現代婚姻關係更實用於法律意義而非社會倫理	兩劑，大興	澤連斯基的摳圖背景	no , usually hang up directly	無法查證，所有的真實都是主觀需求而非客觀存在	否，他們還不是納稅人，也沒有經濟壓力，不承擔社會責任，可以極左而不承擔後果		打疫苗利大於弊	不反對，不了解蔣家後，對他不反對也不支持。	反對，身邊有很多人都留下了不可逆轉的嚴重新冠後遺症
P3	3. 沒意見	5.非常反對	2.缺電	4.HBL	俄國 土地及資源	蓋核電廠	不需要	不支持也不反對，因為那是別人的自由，我不想干涉	三劑，前兩劑Az，第三劑莫德納	沒有特別印象深刻的，很少在關注	沒有，沒在接電話	一群笨蛋加一個聰明人， 當那個聰明人	我覺得都可以，每個人對於政治有獨立思考的年齡都不同，所以抓一個大概沒問題	沒有	不認同，因為我現在就是三劑完確診，很不舒服，如果沒打三劑我覺得我會不舒服到死	我不表態，因為我根本沒在關注	認同，畢竟我確診康復，對她講的我認為很有道理
P4																	
P5	3.沒意見	4.有點反對	4.要有核電比較好	2.大S結婚	俄羅斯會贏,贏了可以在烏克蘭建立魁儡政權	把核四蓋回來	不掃墓	支持,婚姻平權我覺得是對人權的一種保障	2劑 bnt bnt	普丁被取消黑帶證書	我都不會理他	有人放出假消息 多打聽	支持	沒有屯	我認為疫苗利大於弊,但是我認為沒有打到三劑的必要	支持,我認為從不從政跟血統無關,純粹看趴們的意願	不認同,我認為沒確診還是最好的
P6	3 沒意見。我認為去納粹化只是俄羅斯侵略烏克蘭的一個理由，所以烏克蘭是否有在實行納粹主義是個假議題。	4 有點反對。首先，俄羅斯出兵烏克蘭本身是個戰爭行為，也可以說是反人類的行為，所以反對是理所當然(畢竟我不是俄羅斯人，俄羅斯打贏了對我沒有好處)。其次，俄羅斯出兵烏克蘭給了中國一個很好的機會觀察國際(尤其是美國)對於戰爭行為的反應，我認為無論其反應如何，都會給予中國對台實施侵略的策略發展出更完善的對應，以台灣的角度來說這並不是好的現象。	4.政策失誤。重要設施都會設好幾個保險來做停損，避免單一失誤造成重大危害，故此次的大型停電不可能是單一人所能造成，會如此大停電歸根結柢還是非核家園造成，否則為何大停電隔天需要啟動核三並且運轉率達9成以上?當然是因為真的需要這額外的電力。那為何需要額外的電力?當然是因為缺電。	3. 韓國總統大選。 聽說韓國歷任總統下台後很容易入獄，所以其實沒有與其說是關心總統大選，比較關心的是新上任的韓國總統是不是跟文在寅不同政黨。			會，掃阿嬤的，跟其他家人一起掃。	不支持也不反對。本身不是同志族群的一員，同志能否結婚於我無益亦無損，故同婚通過與否與我無關。	0 , 都沒打。	記得烏俄戰爭前期，有一則關於蛇島駐兵全員不肯投降因而殉國的英雄新聞，但後來又有新的新聞指出，前面那則為假新聞，其實蛇島官兵投降且被俘虜了。由於一開始我是對烏方說法堅信不移的，而後來的結果讓我深刻感受到，認知作戰是真實存在且非常容易對沒有警覺的人民生效的。		非人為的謠言其來源於無知，藉盲目擴散；人為的謠言其來源於利益，藉盲目與其他共同得益者擴散。而為了不受謠言影響，聽者在相信任何接收的訊息前需要查證，有效的查證應該詢問相關領域的專業人員，輔以來自權威性期刊的論文。	理解但不支持。確實刑法上18歲即視為成年，需要對自己的行為負責，有了相應的責任也應有相應的權利，然而按過往的法規民法上卻是規定20歲才視為成年並擁有投票權，的確有其不合理之處，所以可以了解降低投票權的年齡要求以對齊刑法對於成年之定義。然而此次修法推動的一方為民進黨，而眾所皆知台灣國民兩黨的選民結構中，民進黨是在年輕人中所獲得的認同更高，故由民進黨推動投票年齡之下修我認為並未做到利益上之迴避，故我雖能理解卻不支持。		不認同，對個人來說，每個人應該能評估自己身體的狀況與可接受的風險，來選擇接種與否，但以整個社會來說，完全拒絕疫苗就變成了讓人民被天擇，會讓疫情從天災變成人禍。		
P7	3	5	2	1. 烏俄之戰	俄羅斯，可以得到戰略地位，避免西方世界透過烏克蘭直接衝擊俄羅斯、擴張領土。	改善政策，增加穩定發電來源，例如核電。	不用	支持，性向是個人自由，根據憲法保障，本來就不應該限制，要完善同志族群的權利	AZ*2, Moderna*1	小鎮屠殺平民	有，很煩，投訴中選會	(1)基於事實與非事實之間，再加入一些自己想要渲染的消息。(2)透過當事人的文字稿或是查訪當事人	是，畢竟刑法18歲就算是成年，沒道理民法20歲才可以投票	沒有	有點認同，可能會引導出某些慢性病患或是未知疾病的併發症，進而導致死亡	他開心就好，參選是每個人的自由	他的數據上如果是這樣的話，那就是認同，畢竟還是要看數字說話
P8	3	5	3	1: 俄烏之戰	俄羅斯贏，烏克蘭放棄加入北約	重新檢驗輸配電基礎設施，並做好意外狀況發生時的應對方案	今年不會回去掃墓，之前有去的話都是掃父親那方祖先的墓。	支持，婚姻是所有人的基本權利，沒人有權力剝奪。	三劑，BNT-BNT-莫德納	有消息指出俄羅斯軍隊被告知必須在5/9俄國勝利日之前結束戰爭。	沒有，只接過民調電話，騙他我還未成年	我覺得謠言通常是將事實誇大或是斷章取義，且常常為了提高傳播率而下危言聳聽的結論或標題。因此查證方式可以將結論與具公信力的資料比較，或查看是否有異常的傳播量。	支持	沒囤，覺得自己還不需要，先給需要的人。	不認同，我認為雖然打疫苗有風險，但仍然利大於弊。	支持，我認為如今民主時代，任何人想參選參選從政，只要他用正當手段選上都沒問題。	認同，我認為在病毒輕症化的狀況下，共存是更好的方法，而要共存就勢必要一定程度的人染疫，因此只要超額死亡率不高，問題就不大。
P9	3	3	4 (勞工是小英心中最軟的一塊，透過停電強制執行一例一休、鼓勵大家節電)	1.烏俄之戰	僵持最後俄國撤兵、烏克蘭成為永久中立國	整治電網，分割成更多區域。解除電力國營，開放電力市場自由競爭。	要。阿祖。開車去墓園上香。	支持。婚姻是基本人權。	2劑。	最近一周沒有關注。	沒收到。			沒有	沒有合理證據支持的論點，都不太有相信的價值。	父債子償不太合理，但我覺得以不正義的家族資源從政更不太合理。若是白手起家或許還能接受。	不太明白算這個的意義。
P10	1	5	(4) 台電電網太脆弱，政策錯誤。核電，燃料棒等核廢料無處儲存之問題可透過戰爭時發射以解決	1.烏俄之戰	俄羅斯，扶植魁儡政權，取得NATO承諾不再擴張	改變政策方向，逐步調漲電價，降低用電量，提升台電員工工作環境、設備	不會	支持	3劑, AZ M M	葵花油等物資缺貨	有，台語聽不懂就掛掉，認識的話就聽一下	調查資訊的來源與變化，並搜尋相關訊息	支持，可以平衡各年齡層的意見，且早點接觸早點學習，也不覺得多幾歲會更有資格	沒有	不認同，但是第三劑可能不用打	支持，因為他是後代，但是也要審慎檢視他的資源是否取得不正當	同意超額死亡，因為比率差夠明顯。黑數較不認同，因為症狀好像沒有輕到不會通報或發現的程度
P11	3.沒意見，雖然我覺得納粹是不好的，但是只要不做不好的事就沒關西。	5.非常反對，戰爭是不好的。	3.跳電，政府說什麼就什麼(應該吧)。	A: 烏俄戰爭，希望戰爭可以快快結束。	烏國，因為我覺得只要發動戰爭的那一方到最後一定會輸，因為世界上大部分的國家都不希望有戰爭的發生，只要各國持續經濟制裁，俄國就會支撐不住的。我覺得不管贏家是誰，他就只會獲得贏得這場戰爭的頭銜，就沒別了。而這場戰爭所造成的影響雙方都要花很久的時間才能夠恢復回來。	我覺得要多制定一些鼓勵節約能源的政策，讓大家一起接約用電，不要只想著多蓋一些電廠之類的，不管蓋哪種電廠，都是有很多不同的負面影響和風險。	需要，掃祖先的墓，我們家都是請別人先把我們的墓打掃好，我們在過去拜拜。	支持，我覺得我們不應該歧視任何人，每個人都有愛的權利。	三劑，AZ->AZ->莫德納	前幾天看到一個影片，一座大樓被飛彈轟炸而倒塌，令人怵目驚心。	有接過，如果是錄音的我會直接掛斷。	沒有經過查證的事情就跟別人說。 看到一則消息時，要自己去查證，不要馬上相信。	不支持。	沒有	不認同	沒意見，蔣家後代想不想從政是他的自由	不認同，我覺得超額死亡率和因為COVID-19而死亡是兩件不同的事。
P12	3.沒意見	5.非常反對	2.缺電	6.其他:中一中音樂老師爆走事件	我認為現階段烏克蘭較有機會贏得戰爭，而贏了則可向過繼世界證明並非大國就可以對其他國家為所欲為而不會踢鐵板。	蓋核五。	需要，會整個家族帶到公共的靈骨塔，大家先從最高樓層開始，拜共同的祖宗，在依序往下分頭找自己比家族的親人。	一半支持，我認為通婚法案可以往非專法的方向前進，以落實真正的婚姻平權。	兩劑 , AZ AZ	由於期中考週，最近較少關注。	無。	我認為最便利的方式自然是回到網路上搜尋，並多加查詢訊息來源及可信度。	支持。	否。	不認同，我認為定期接種疫苗可以保護自己且保護身邊的人。	我認為投身政治的條件與否在於他的個人能力，而非他的血統或是源自哪個政治背景。	我不認同，我認為這樣有些有一說一。利用過去台灣確診數所推出的死亡率與現在台灣疫情下的死亡率是不合理的，應該多提出更多論點來帶動群眾獨立思考，而不是一昧帶風向來操控聲量。
P13	1	5	2	4.HBL	烏克蘭，因為他們的人民比較團結，而且也有各國的幫助	台灣電力儲存的設備嚴重不足，所以導致很容易缺電或斷電，所以我認為應該提升硬體設備			兩劑摩德納，還沒預約第三劑	沒有特別印象深刻的地方	直接掛掉	因為很多人愛講幹話，也有笨蛋會相信，當個有腦袋的人就不會相信一些鬼話	不支持，因為我覺得很多人並不了解所有的情況	沒有囤貨			
P14	3. 沒意見	5. 非常反對	2. 缺電	4.HBL	兩敗俱傷，最好的結果就是不要牽動世界大戰	支持蓋核電廠，但不要重啟核四	需要，在彰化的公墓，只需上香即可	我支持同性婚姻，但認為政策有許多需要改進的地方	三劑，前兩劑Az，第三劑莫德納	沒有特別印象深刻的，很少在關注	沒接到	A:現今資訊流通快速，最大的謠言來自媒體，為吸引流量許多媒體會利用聳動標題吸引流量，然而，人云亦云、以訛傳訛，即會造成謠言的產生，應具備媒體識讀的能力，清楚了解新聞的事件本身並查證，仍有良心媒體及有效的邏輯思考能讓你辨別謠言與否。	不	無，只買了夠用的份量	不認同，現階段的研究顯示疫苗多打的病毒是有一定的對抗性，變種前的病毒現今已慢慢被控制，新型變種病毒擴散快但病症相較比較平緩，因此疫苗還是有其功效存在。	我認為人不能決定自己的出生背景，貧苦不能決定背痛不能決定；富貴也不能決定，優渥也不能決定，竟然如此他是不是蔣家後代就不重要了，那就是從更客觀的角度切入，他的經歷背景事蹟⋯等等。	認同！
P15	2 因為納粹的主意，會侵害其他族群，但是烏克蘭是否真的存在納粹化，是學生目前還無法確定的。	4 因為最終受害的都是無辜的人民，無論勝敗最終這些後果都是由雙方的人民來買單，至於選4不選5的原因為，如果是以非戰爭的形式，學生認為，成功與否就是由雙方的人民或是策略所決定的，而不是用人民的性命來換得。	2 因為目前還沒到夏季，還不是用電的高峰期，但最近卻有不少跳電或停電的事發生，學生認為可以使用其他的發電方式來補足台灣的供電需求。	1 烏俄之戰: 因為看到了最近新聞報導指出俄羅斯竟有7成人民支持出兵攻打烏克蘭，並認為是烏克蘭挑起戰爭的，因此擔心如果其戰勝了，會不會有其他國家複製這種方法洗腦人民支持戰爭。	學生認為俄國會贏得戰爭，如過俄國真的打下了烏克蘭，那他將有可能獲得烏克蘭的鋰礦資源，該礦物是製作電動車電池的重要原料之一。	學生認為可以利用增加發電廠數量，請專家評估是否能加蓋一座核能發電廠，因為以目前來看，學生認為火力發電汙染程度較高，風力發電及太陽能發電成本較高，經濟效益較高的可能是核電，但因其有一定的風險存在，可能需要一些警慎的評估。	不太會去 因為從小就很少去掃墓 所以家裡就沒有特別會去掃	支持，但如果對象的國家不認同的話，可能希望能有些配套且盡可能的不要去干預到他國的政策，以免不必要的誤會發生。	3劑 AZ跟莫德納	侵烏Day32 俄軍轉攻為守戰事恐長期化 原因 這篇是最近在做作業時看到比較有興趣的一篇，學生以為俄國不會轉為被動方，但最後因為氣候資源等影響，使其變得較為保守	目前沒有收到，如果有收到是錄音的會直接掛掉，是真人的話，會聽完跟他說加油。	以類似於現實的話術去扭曲事實，多看幾篇報導與查資料查證	不太支持，認為18歲可能相關議題的資訊收集不夠容易被誤導	買不到~~ 如果可以希望能買到兩支左右	不認同 畢竟目前來看疫苗有他的效益在 如果不打疫苗可能疫情會更加嚴重 且從數據來看 疫苗有他的保護力在	同意  有聽過蔣經國先生說過後代不從政 但我覺得台灣是民主的國家 加上是否真的有說過 學生我也不清楚 因此如果要從政 我覺得沒有太大的影響	死亡率的算法支持，但是每個人都應該要確診這句話，有點不太支持，畢竟家裡有人是只能打一劑的，因此會比較擔心狀況。
P16	3.沒意見	5.非常反對	2.缺電	1.烏俄大戰 4.HBL	俄國 得到賠款 割讓土地	硬體 別把錯都推給小動物	不需要	支持，但是不要裝扮得很奇怪	三劑 第一劑跟第二劑是AZ 第三劑是莫德納	烏克蘭老奶奶用石頭丟爆俄羅斯的無人機	沒接到 但是接到認識的候選人也滿少的 除非是市長什麼的	謠言由累積而組成	不贊同 高中是個讀書的佔比很重的階段 暫時不會有什麼時間去關心政治	沒囤	我不同意 醫學觀點打疫苗的確南澳減少中重症	我覺得要看是誰 蔣家後代可能也不想被貼標籤 但是黨產什麼的 跟連家一樣 大家都知道錢怎來的	不全然認同
P17	2 有點支持去納粹化(此題目隱含烏克蘭目前是納粹化)	4 有點反對	3 跳電(查詢新聞是說，「停電主要是興達電廠開關站發生事故，事故發生後就會影響到龍崎變電所運作，因為龍崎是與南部電廠有關係，所以造成停電」，在沒有其他證據說是停電的情況下我覺得應該先相信他們，但如果他們沒有盡快調查出證據，就會開始懷疑)	(6)全台大停電(與能源相關議題)，在上次的全臺停電之後，很多政治人物都在吵架，像是蔣萬安批評蘇貞昌。	我認為俄國會是烏俄戰爭的勝利方，這是因為在我印象中俄國原本就是蘇維埃聯邦的老大哥，而且他們在歷史上曾經和美國進行冷戰，在那段時間中開發了很多軍事方面的科技，加上他們給人戰鬥民族的印象，以及在寒天凍土中能夠生存的強勁生命力，相較於烏克蘭因為黑土肥沃而在農業上很發達的印象（通常在嚴酷的環境中成長的人會比較會戰鬥或生命力比較強），我覺得在政治上、技術上跟個體上應該都是俄國會贏。	我想不到有什麼方法可以增加供電，只知道哪些方法可以省電，所以我的建議就是可以「調整電費」減少人民對於用電的需求量，也可以參考美國的日光節約時間，讓人們早點睡覺就不會在晚上也用那麼多電。但以上都是民生用電的部分，其實用電最主要的應該還是產業，我認為如果真的有必要，其實應該要「限制某些高耗能產業」（像是製造業或是虛擬貨幣）的用電，儘管不能限制目前已經存在的科技業公司，但是可以去規範想要增加設廠的公司，如果他們「想要設廠、擴大經營就要繳更多稅」，或是「鼓勵他們去國外設廠」，不要在臺灣設廠，以避免增加耗電量，但是這會引起很多爭議，可能也會讓很多科技業的人放無薪假，關於這個部分可能還要多想想。在這個基礎之上，我其實無法理解近年來廣設智慧製造、半導體等產學合作系所的政策，因為臺灣在產業上的用電量，如果沒有意外，之後勢必會被限制，真的還需要這麼多人投入這些高耗能產業嗎？	不用，因為我需要趕快讀書跟考試，作業好難......，還有高微快要唸不完了。	我覺得目前的婚姻平權政策是可以被接受的。從這邊來看：「若該外國人的本國法未承認同性婚姻，因不具備其本國法的成立要件，與我國國民所締結的婚姻，即不被承認」，因為大致上是符合我心中的對國家主權的想像：應該要兩邊都符合要件才可以同意婚姻的存在，所以我覺得可以被同意。但其實我知道，我會對這個議題沒有那麼多想法的原因是因為我不是當事人。	沒打疫苗	我覺得俄烏之戰最讓我印象深刻的是跟黃金有關的心得，就是說黃金是避險用的工具，投資人會傾向購買黃金來分散風險。而我對這篇新聞比較有印象的原因是因為我有另外一堂課要我們關注黃金的價格波動。股神巴菲特說他人貪婪時我恐懼，他人恐懼時我貪婪，我覺得有印證在這件事情上，因為我發現有一些人會因為戰爭期間反而發了財，特別是那些平常就有買入黃金的人，這時候趕快賣出黃金就會賺很多錢，雖然烏俄戰爭是戰爭，卻也是某些人發財的緣由。	有，我會直接掛斷，因為我有很多事情要做，而且有時候我是在睡覺的時候接到電話，這令我非常煩躁。	俗話說三人成虎，我認為謠言的組成來自於謠言的內容本身，以及一開始說這句話的人，還有後續散佈這個謠言的人。我認為要查證一個謠言，最有效的方法是「由專業的人員直接去調查謠言內容本身的標的物（或人）」，例如聽說某某食品有某種良效，最有效的方法就是請專業的營養師或醫師等專業人員，去調查這個食品的營養成分還有功效，但這種方法僅僅是從有效的角度切入，如果是像一些和個人的隱私有關的謠言，那或許不應該只考慮有效性，例如某謠言謠傳某藝人和其他人有染，這種關於該藝人以及其交友狀況的謠言是攸關他的個人隱私，直接向對方詢問可能造成他/她的不舒服。	我認為沒有足夠的證據或理由，足以支持本國籍人士滿 18 歲即擁投票權的正當及合法性。我認為 18 歲是在刑法的成年範圍，但關於民法則是 20 歲，因此我覺得 18 歲～20 歲不一定是適合做出各種民法範圍的事情的人，他們也許不夠成熟。	之前一次買了五個，超貴的，但後來發現要排隊才能買得到，就覺得幸好有買。	我不認同，因為打疫苗應該有助於防重症，這樣可以有助於減緩醫療量能崩潰。	不能算是支持，因為我覺得臺灣的人才輩出，不覺得一定要支持蔣家從政，但我認為蔣萬安想要從政是他的選擇，一個人只要是合法的公民，都應該有參政的權利，只要他有他的支持者，不應該因為他的祖先是誰，而剝奪了他想要參政的權利。	我不認同何研究員的看法，因為任何一位確診陽性的人如果出門，都有極高的機會感染到其他人，而被感染到的人之中就有會死亡或是留下後遺症的人，但她卻覺得這是一條必經之路，完全沒有為「會因感染病毒而產生悲劇的人」著想，這樣是非常不被人們接受的。
P18	3	4	3	5（チェリまほ，我也是小粉絲！）	烏克蘭。烏克蘭可能獲得歐美先進國家的更多關注，以及安保、外交上的協助（儘管可能有許多交換條件）。	去年8/15的停電也是出在南部供電系統，政府應該仔細調查為何會接連出現問題並改善。	需要。曾祖父祖母的墓，爸媽兩邊的都要。	支持。結婚制度本來就不是自然界（生物學上）的產物，而是人類社會文化下訂立的制度，所以每個人都有權利選擇和自己喜歡的人在一起，而且同性婚姻並不會造成其他人的權益受損，所以我支持。	3劑，前兩劑AZ，最後一劑莫德納。	芬蘭和瑞典可能於今年夏天加入北約，可見世界各國對於烏俄之戰的嚴肅對應程度。	有，我會直接掛掉，因為通常都沒有時間理他。	我認為謠言在內容方面，敘述風格不會過度誇張，並參雜一些事實，引導人們相信那些邏輯的漏洞。如果遇到好像是謠言的新聞，可以透過「比對不同管道的多則新聞」來查證。	支持。應該讓年輕人掌握自己的未來，建立適合他們生活的社會，不應該只聽取過去的人的意見。	沒有屯。而且目前沒有做過快篩。	依據衛福部的資料，打疫苗但因不良反應死亡的人數為1465人，除上12歲以上可打疫苗的人口2098,7393人，死亡率為0.0070%。而根據林氏璧醫師的資料，未施打疫苗而確診身亡的機率為0.0027%，已打一劑以上的疫苗（含一劑）但確診身亡的機率為0.0006%(117/1948,2724)，可見打疫苗死亡的機率雖然較未打疫苗染疫身亡的機率高，但若挺過（？）副作用的考驗，因染疫而死亡的機率就會大幅降低。	如果蔣家後代有能力解決人民的問題，我會支持。（我想這是政治人物的基本）	我同意確診但無症狀不須採檢。因為醫療量能已經吃緊，應該盡量留給重症患者使用。大家關注的焦點應該致力於超額死亡率，而非確診數。
P19	3. 沒意見（我覺得無法回答這個問題。因為我並非烏克蘭人，也不清楚烏克蘭實際上的情況，我不確定烏克蘭目前是否有納粹化的情形，因此無法表達是否支持。）	5. 非常反對（我非常反對這次普丁侵略烏克蘭的行為，我認為這次戰爭對俄國和烏克蘭的人民而言都是嚴重的傷害。）	3. 跳電	烏俄之戰，因為牽扯到許多方面的事。（股票、供應鏈、外交狀況等）	原本我認為俄國會贏得戰爭，但現在戰況陷入膠著，就不確定最後哪方會贏得戰爭。我認為贏家主要會獲得心理及民族精神方面的榮譽。	想辦法建設發電廠，可以考量各種發電方法（太陽能、風力、核能等）	會回家但不會掃墓，印象中只有小時候掃過一次，不過忘記是誰的墓了。	支持，因為我覺得同婚是某些族群的權利，只限制異性才能結婚很莫名其妙，也對同志族群不公平。	打了三劑疫苗，分別是BNT、BNT、莫德納。	印象最深刻的是烏俄戰爭有可能升級成美國或北約組織對俄羅斯的軍事衝突，感覺有越來越擴張的趨勢，希望可以快點結束戰爭，不要變成世界大戰。	沒有接過，可能是因為比較少接家裡的電話。	我認為謠言是不正確的資訊，但是一直被大家傳遞，因此可能讓人不知道是真是假，像是Line常常會有謠言，我都直接估狗搜尋關鍵字，常常已經有新聞證實是假消息了。	我對這個議題沒有特別支持或不支持，可能是因為我現在不是18歲的族群，所以沒有特別支持，不過我也不反對18歲擁有投票權。	有買過一次，但沒有囤貨，之前覺得還不需要，但現在很多人都在存，感覺有點被影響到。	不認同，可能是因為我對疫苗沒有嚴重的副作用，所以覺得能降低重症機率比較重要。	沒有特別支持或不支持，因為對我來說蔣家的所為已經是很久以前的歷史了，現在沒什麼特別偏好。	我滿認同的，因為以目前的情況來看，很難完全不得到新冠，所以得了但無症狀算比較好的情況了。
P20	3. 沒意見，所以烏克蘭有納粹化嗎?	4.有點反對，畢竟發動戰爭苦到的是人民，也會讓地區經濟與基礎建設因此退步，但普丁有其出兵的理由，我也很難判定誰一定是對的，誰又一定是錯的。	3. 應是人為疏失後造成的跳電		我認為俄羅斯會贏得戰爭，但是他只會獲得佔領的土地；反而烏克蘭會獲得其他民眾的掌聲，以及其他國家的善意對待。	我認為本國應使電力價格提高，可以使得民眾自行減少使用電力，或是可以像電信公司一樣，每戶限電多少，依照電力使用量階梯式提高價格	不會回家掃墓，因為連假才會回家，但是家人基本上會提早掃墓。主要會去掃阿祖的墳墓(鋤草、擺放新的金紙、蓋房子)，然後會去靈骨塔祭拜一下阿公	是，我認為每個人都有選擇與成為自己所愛的人的配偶的自由與權利	目前完成兩劑BNT疫苗注射	各國聯合起來針對俄國進行經濟制裁，但盧布並沒有快速下跌，因為俄國宣布只能用盧布支付天然氣進口費用等	沒有，上一次選舉的時候我還沒滿20歲，所以之前都直接掛掉，而現在我會跟他說我不知道你說的是誰	我覺得老師講的很有道理，謠言如果要能夠讓別人相信，其中一定半真半假。要如何查證的話，除了找出謠言的來源以外，也可以去詢問身邊有相關知識或背景的專業人士求證。	"我覺得要投票，本身一定要有一定的知識水平以及判斷是非標準的一套原則，以及具備批判性思考，
20歲以上不管是經過社會歷練或是經過一定程度的大學生活(類社會)，我覺得才有相當足夠的判斷力做決策。
而且，18歲雖然也算是成年了，但心智上的發展還有待審慎評估，包含18歲可以喝酒又可以騎車，是不是有些剛成年的少男少女就開始酒駕耍酷等等，雖然這有可能是杞人憂天，但一次開放太多事情在滿18歲的孩子身上，是不是會有種種問題的產生，就要交由政府自行評斷了"	沒有，沒有特別去買，希望不會用到	不同意，我認為疫苗本身在研發過程中可能沒有經過適當的測試，雖然大家都說打疫苗可以降低中重症，但仍然無可避免，這是打疫苗的弊端；但就數字上來看，的確有助於降低致死率及中重症的發生，這是打疫苗的利端；然而，我認為以上兩種結論不能混為一談，打疫苗有利有弊，但不代表某一種一定凌駕於另一種看法。	我覺得蔣經國先生有沒有講過這句話不是重點吧? 重點是有沒有能力跟有沒有心(或者良心)去為民服務!而且蔣家後代想不想從政，其實我覺得無所謂啦哈哈哈	我覺得她說的其實蠻合理的，其中有一點關於無症狀感染者不用列舉出來，我覺得不然，我還是認為要列出數字，但是可以另外統計之類的，這樣也有助於大眾認知或統計群體免疫的數字；那超額致死這件事，顯然covid-19對於大眾的衛生防護知識的提升與死亡率的下降，其實是有幫助的，至於超額致死率的統計，我也認為應當是正確的，只是目前因打疫苗而死亡的案例不知道有無計算進去......，不知道國家或研究院有沒有針對這件事有進一步的看法或解釋......
P21	1	4	2	1. 烏俄之戰	俄國，共產勢力擴張	增加綠能建設。	沒有	支持。他們要跟誰結婚不關我的事。	2劑，BNT	https://udn.com/news/story/122699/6229534	否			沒有屯快篩試劑	不同意，但我度苗沒有太多了解，所以也不太確定。	沒什麼感覺，大家都可以從政	認同。感覺上，不太確定，大家各自有說法。
P22	3沒意見（應由烏克蘭的人民自決，並且我不在乎烏克蘭是否去納粹化，但他們做決定應考慮之後的結果）	5非常反對（我認為國家間的衝突能不以軍事衝突的話最好）	2缺電（跳電後數小時仍有多數用戶等不到電，是為缺電）	1.3.（烏俄、韓國總統大選）	俄國贏，我認為戰爭最後以協議達成告終，俄國將獲得由烏國內分裂的國家的支持	增加火力、核能機組，作為基載發電。彌補因電力不足導致的長期降壓，可以增加供電穩定性。	需要、祖先、聽長輩吩咐	支持，我沒有理由阻止他人結婚	兩劑，都是BNT	波羅的海三小國研議禁止進口俄天然氣	沒接過，但我應該會傾向表達不傾向任何投票傾向	半真半假，或把猜測直接說是確定的。尋找其相關資訊，確保其中有可靠來源，如各大報	不支持，我覺得我國義務教育有點失敗 （-_-）	實名制買了，剛好被匡列有用到	不認同，因為要考慮的是打與不打疫苗對於染疫死亡的影響。	只要是通過民主程序出來的，我不會反對他姓不姓蔣。	我不太認同，既然這條路要有過路費，為什麼不選擇其他路走。何況對於新冠的後遺症仍在研究當中，相當於是簽了一個你看不明白的合約。
P23	3. 我認為烏克蘭是否去納粹化和他們的民族性有關，並不是外人可以說支持或者反對的，但是我很清楚一件事，那就是我們都應該支持和平，反對戰爭。	5. 我非常反對戰爭，我認為戰爭只不過是幾個政界大老的鬥爭，卻要犧牲無辜的百姓，是非常自私且不理性的手段	4. 我認為這次的停電應該是機器故障並不是缺電造成的，因為若是真的缺電，應該不至於連紅綠燈都沒電，不過台灣缺電也是事實，能源問題迫在眉睫，就算這次真的是故障，再不久也會真的停電。	我比較關注俄烏戰爭跟HBL，我認為戰爭這種事情不單單只是兩國之間的問題，所以關注戰爭的狀況是必要的，至於HBL，我很討厭南山的教練，他們輸球我很開心	我認為戰爭沒有所謂的輸贏，只要發生戰爭，大家都是輸家，只是再比較誰的損失比較多而已，所以不要發生戰爭，透過和平的方式解決問題才是好的方法。	我認為必須要有一個長期計劃去規劃和解決能源的問題，執政黨不能只是為了選票用敷衍的方式來呼攏人民。	由於清明廉價掃墓的人往往過多，因此我們家都會提前掃，而我們家的祖先都在同一個地方，因此掃墓是祭拜所有的祖先。	不支持，我認為同性結婚應該要有一些配套措施，例如領養小孩等等，雖然我對於同性戀並沒有意見，但我認為婚姻牽扯的問題很多，包括財產還有家族，因此若是沒有配套法案直接開放，我認為是不妥當的。	目前打了兩技，都是施打bnt。	烏俄戰爭發生至今我最印象深刻的事情是台灣人對戰爭的態度，雖然常常看到instagram上會有分享一些反戰的文章，但大家似乎沒有意識到台灣其實也是可能發生戰爭的國家，並且我認為只是呼籲和平理性並不是解決戰爭發生的辦法，必須要強化我國的硬實力才有可能避免戰爭發生的問題。	沒有 因為我有安裝whoscall如果是拜票來電我會掛掉	我認為謠言的組成就是半真半假的資訊，要有效查證其實很困難，但大部分的事情就算不有效查證也步會怎樣	不支持，雖然我認為在民主自由的國家每個人都有表達自己意見的權利，但是我認為對於大部分的高中生來說，並沒有成熟的獨立思考能力，很容易被媒體或同儕帶風向。	沒有 自己也不太會用	我認為疫苗的弊端並不該只著眼於現在，因為據我所知，我們現在施打的所有種類新冠疫苗都是趕鴨子上架的產品，並沒有經過完整的臨床實驗，所以也許現在看起來沒事，但未來幾年也許會有其他副作用發生，因此我認為只談死亡人數並不是唯一一個判斷標準。	都可以，我認為所有人都有從政的權利，重點是有沒有在做事	同意，我認為她說沒有症狀的人是黑數這個觀點是確的
P24	2	5	4. 無法預期的工程疏失	1.烏俄之戰	烏克蘭，因為世界趨勢應該會譴責主動發動戰爭的一方，雖然烏克蘭與俄國的損失都會非常嚴重	研定更長期發電設施的規劃，譬如說 核能或地熱，並且以長期使用及發展的目的增加該設施需要的硬體，以及鼓勵及規劃該設施應該要有的人才培養	會回家掃墓，只會掃爸爸這邊阿公 啊罵 啊祖的墓	不反對，因為不會礙到我	疫苗打了兩劑BNT	奧地利總理11日將在莫斯科會見俄羅斯總統普丁，成為俄軍入侵烏克蘭以來，首位與普丁會面的歐洲領導人。	沒有，如果我接到都直接掛掉	我覺得只要是無法有證據之言論，都可以稱作為謠言	不支持本國人士滿18歲投票，因為就我個人經驗而言在18歲的年紀在學業上就已經忙得焦頭爛額，更遑論關注社會議題	沒買	打疫苗還是有較高的病毒抵抗力，相對於不打	沒意見，由正當的民選程序選出的都可以	不認同，我覺得人民的感受可能會比數字更重要
P25	3. 沒意見	4. 有點反對	3. 跳電	HBL 是我最在乎的議題，因為我本身喜歡看籃球，頻時就會看NBA。	俄國會獲得勝利，但是在慘痛的代價中只獲得領土，人心並未獲得	因增加用電的費用，並限企業在用電的規定	我不需要回家掃墓。	我支持婚姻平權，因為男女都是人，沒有人可以要特別的權利，應該一律平等。	三劑BNT	俄國士兵非禮烏克蘭母女	沒有接到電話	我對這個謠言沒有甚麼研究，不太知道這個議題。	不支持，因為18歲只是高中畢業，並沒有經過社會歷練。	我沒有買任何快篩試劑，因為我自己一個人住。	認同，因為打疫苗是共存的必要條件	不支持，我支持不一樣黨派	不知道她是誰
P26	3. 沒意見：西方國家的「納粹」，與俄羅斯語境下的「納粹」，含義並不相同。前者側重強調以反猶為代表的極端民族主義；後者則長期渲染蘇聯打敗德國法西斯的那場「偉大的衛國戰爭」，從而不斷強化納粹就是俄羅斯對立面的敘事。因此，這個題目的定義不夠明確。	5. 非常反對：不應該使用戰爭來解決問題，戰爭造成平民百姓傷亡，也不一定能達成俄國的目標。	4. 其他：我認為單純是事故原因，台灣的供電電網因為南電北送的關係，有頭重腳輕的狀況，才會造成南部一停機，連帶影響北部供電。	烏俄之戰（關注造成的能源短缺問題）	我認為俄國會贏得戰爭，贏家莪國會「收復」烏克蘭。	硬體部分我認為可以考慮核能發電，或是增強技術考慮使用自然資源發電，像是太陽能發電或是水力發電。	不用掃墓	支持，因為同性伴侶也應該享有與異性伴侶相同的結婚權利。			沒有接過。	以訛傳訛，上網查證，理性思辨。	否，年紀太小較不會思辯。	沒有 我搶不到	不予置評 看個人選擇	yes 個人自由	是 蠻有邏輯
P27	(3)沒意見	(5)非常反對	(3)跳電	(1)烏俄之戰	我認為俄國會贏的戰爭，但是是談判桌上的勝利。會贏的領土以及文化的利益。	夏日節電政策要落實，電力大戶要多查核，老舊的台電設備應汰換。	會，在靈骨塔中用祭拜的方式就行。	支持，身邊認識很多同志朋友，想法開放，沒有任何不能贊同的地方	打了三劑，高端以及莫德納	布查的大屠殺	有，我都直接掛掉	我認為謠言是由許多嘴巴組成的，我會尋求相關專業求證，而不是依賴多數的聲音。	我不贊同，我認為會產生許多為了投票而投票且社會觀念不足的年輕人。	有，爆發前就有了	我不認同，我覺得利大於弊，利在於大數據顯示打過疫苗是真的會降低副作用或者後遺症，雖然弊是可能會產生疫苗不良反應，但我覺得肺炎帶來的傷害較深。	我支持蔣家後代從政，畢竟老一輩的事情年輕人可以選擇要不要背負，當政客我覺得個人能力出色即可。	我不太贊同，我不太相信台灣的醫療量能可以控制死亡人數，老實說我覺得台灣的政客都是先斬後奏。
P28	3	5	3	1烏俄大戰	烏克蘭，加深世界對共產、獨裁體制的抨擊，希望世界和平的意識提升。	實施企業、民間建築必須增設一定面積太陽能發電版的政策。	不需要	是	1劑 BNT	俄羅斯麥當勞關閉	有 直接掛掉	謠言起於人群 止於智者	支持	沒有	但三劑者中證率較高是因為分母比較多，所以不能以這個判斷，或許疫苗幾年後會有後遺症也說不定，但目前應該是利大於弊	不反對 因為台灣是民主國家	不同意 或許只是人類還不知道確診的後遺症的嚴重性
P29	3	4	3	1.烏俄之戰	俄國，只會獲得其他國家的不支持以及戰後的損失	啟用核能發電，以解決電力不足問題	需要，祖先的，全家開車去靈骨塔拜拜	支持，人人平等	兩劑，BNT	烏俄談判	在宿舍有接到過，直接掛斷	我認為謠言是因為大量未去查證就散播的人才產生的。至於如何查證謠言，我覺得看到消息要先冷靜想想，並且試著找尋可靠的資料作證明。	支持	目前沒有屯	不認同	都可以，我認為要做什麼是他們的自由	不同意，感染並不代表免疫
P30	3.沒意見，對於烏克蘭是否納粹化還有民意走向並不是非常了解，因此無法給出一件。	5. 非常反對，無論理由為何，都不希望有戰爭和鬥爭出現，戰爭永遠兩敗俱傷而且痛苦的多數是人民。	3. 跳電	1.烏俄戰爭，雖然很關注HBL決賽，覺得很熱血跟有趣，但還是更關注烏克蘭的情勢，我相信這是影響國際及台灣的重要大事。	我認為單論戰爭當然是俄國會贏，但失去了國際上的上的信任和支持，反而帶來反效果幫助烏克蘭團結和取得世界認可，而且我一直認為戰爭永遠是兩敗俱傷。	即便是美國也會發生停電，我認為升級硬體定時維護是必要，只能持續努力？希望將來更進步。			三劑疫苗，前兩劑AZ第三劑BNT	印象深刻的是這陣子俄國外交透過輿論和權勢堅持自己並非「侵略」烏克蘭	沒有接到誒，可能家裡平時沒什麼人所以都沒接到	我認為謠言就像河川一樣，源頭是小的，帶頭的人不管是刻意誤導還是不小心誤會，慢慢的越滾越大，謠言也更加誇張。判斷是否為謠言應該參考多方資料還有證據佐證。	"不支持，我覺得設定年齡最主要是擔心年輕人或是學生缺乏獨立思考能力，並非真的用年齡來限制，我的高中家教學生很明顯並沒有認真吸取正確和足夠的資訊，只是透過YouTube或臉書得到片斷資訊就下定論，當然不是所有的高中生都這樣，但我認為不佔少數。
"	沒有屯，但有準備兩個，學校或者實習優需要的時候可以使用！	從以前生物課到現在實際案例，我一直認為打疫苗是有效而且必須大家一起的，大家都打了才有功用，從數據上也證實中重症和死亡率明憲降低非常非常多。	我覺得從不從政跟祖先沒關係，雖然我不支持蔣家，但台灣是自由民主的我不會因為蔣經國說蔣家未來不會從政而反對蔣家後代，但同樣蔣家後代也應該擁有自己的意識，不是盲目跟隨從前。	認同，時間在走策略自然應該隨之改變，經濟跟生活已經受暴影響持續太久，在大家都普遍實施三劑，小朋友也開始接種疫苗的情況下，要慢慢把這些病毒變成像感冒一般而已，如同和研究員所說，超額死亡最低才是贏家！
P31	2.有點支持，因為自己本身對於烏克蘭去納粹化並沒有很深入的了解，但單純以這個問題『去納粹化』，我是認同的，但是我認為必須是烏克蘭政府自身去『主動』去納粹化，而不是俄羅斯去以去納粹化這個理由侵略烏克蘭	5.非常反對，因為我認為俄羅斯侵略烏克蘭的行為動機完全不足以提供俄羅斯侵略的正當性，更不提俄羅斯的侵略甚至波及無辜的人民，以及在談判隔天凌晨即出兵侵略烏克蘭、俄羅斯人民非自願參戰等不正當事宜。此外，這樣的侵略就目前的現況也並沒有達成俄羅斯的目標，甚至造成俄羅斯經濟等嚴重影響，因此完全沒有侵略的需要及理由。	2. 雖然自己在這次的大停電沒有遭受波及，但仍有感受到近期停電的頻率有增加，因此我覺得應該是因為缺電，若是跳電等可控因素造成停電，我認為是不會有這麼頻繁的停電事故。	上週最關注的議題仍然是烏俄之戰，因為雖然戰爭已經進行了一段時間，但並不代表當地的居民遭受到的痛苦和危及有減少或減緩過，因此我認為我們能做的支持其中之一就是保持對這件議題的關注，讓大家持續對烏俄之戰保持關心。	我認為烏國會贏得戰爭，因為就目前的局勢而言，無論是俄國經濟上，國內經濟已經受到相當大的威脅，在政治方面，俄國人民也有相當多人反對戰爭，我認為俄國現在只是在消耗國內的資源及資金，但對於俄國的經濟制裁確實已對全球的經濟受到許多的傷害。然而我認為戰爭這件事本身就沒有贏家，甚至說只會有傷害造成，因此無論是烏國還是俄國，都會造成很多的傷害。	因為自己本身對於電力供應的議題沒有很大的關注，但單就使供電穩定，我認為應該就硬體上的設備去做更新，但可能會涉及許多層面的議題爭議，因此政府應將所有可能造成的影響以及利益分析，清楚透明的讓人民了解。	不需要回家掃墓！因為家裡通常是長輩會去掃墓！	我支持本國的婚姻平權政策，因為我認爲每個性別以及每個人都有自由戀愛、結婚的權利，因此不應被束縛於單一男女性別的婚姻，而是不論何種性別都能擁有平等的權利。	AZ,AZ,莫德納	我覺得最印象深刻的新聞是目前烏俄之戰進入有些膠著的情況，目前兩國的資源都有些無法繼續承受，再繼續下去遭受的傷害就是人民，這樣的消息讓我覺得很難受。	有接過宿舍的，但通常不會回應	我認為謠言的組成是沒有證實的話語、蓄意的散播，而查證的方式我認為是可以參考消息的來源，以及是否有輔以確信的資料輔助。	我認為若是要將同票權下修至18歲，應多給予學生了解政治事件的媒介，因為就現在高中生的情況來看，對於政治通常較為冷感，若得以擁有投票權的話可能無法增加投票的正當性，但若能輔助參與政治的媒介，可能能夠改善這樣的情況。	現在還沒有購買快篩～但近期應該會買	就目前的資訊來看，我是不認同打疫苗弊大於利的看法，除了目前資訊的來源不夠足以顯示此看法外，因為疫苗而死亡的判別標準也不夠清楚，因此我認為打疫苗還是利大於弊。	依我的看法而言，不會特別支持也不會特別反對，只要符合名意即可，不會因為是蔣家後代而有特別的想法！	我認同何美鄉研究員的看法，因為要計算疫苗致死率若以死亡人數除以確診人數來算的話，確實會因確診的判斷標準而有所差距，也可能會因黑數而導致變動，若以過往年平均死亡率也更有對比資料能夠做比較，我認為這樣的算法會更有依據。
P32			3. 跳電（但同時我認爲支持核電，因為核電如果沒有重大意外，相較於火力發電來說是低污染的。）	1.烏俄戰爭	我認為俄羅斯會獲勝，因為綜觀就目前的兵力和雙方情勢，俄羅斯和烏克蘭的戰力有相當大的差距。然而我們需要去思考戰爭中的「勝利」是什麼，打贏了卻耗費巨額的國家資源，造成國民的損傷，在日後造成國家遭受長久的經濟制裁，在我們看起來並不是明智的選擇，然而俄羅斯出兵背後究竟是為了什麼，這個問題需要隨著時間去驗證和解答。	我支持使用核電來提供國內電力供應，目前國內的電力供應有很大的部分來自核能，但要建立新的發電廠是很重大的決策，將會是長時間的規劃。短時間來說，應該加強電力供給的網絡，規劃電網分佈應該如何得以穩定供電。調高電價在針對夏冬兩季的用量差距上可以達到功效，但透過提升電價來抑制電力使用量的效用有限，大家固定的需求還是存在，提升電價只會造成國民的民生支出提高。	不會，因為一直以來都沒有跟家中的長輩一起去掃墓的習俗	我認為婚姻平權是必須的改變。因為性向是每個人生物上的本性，無法強求一個人的性向，因此每個人都應該有選擇自己結婚對象的權利。	三劑疫苗，兩劑az一劑bnt	近期最印象深刻的新聞是烏克蘭近郊出現亂葬岡的新聞，指控俄軍違反人權進行大屠殺。			認為18歲在法定上已經需要負起法律責任，因此也可以擁有投票的公民權	沒有屯快篩試劑			
P33	3 ，無意見，因為我不是烏克蘭人，但感覺納粹化也是一種思想，如果實施去納粹化，總感覺有點違反自由。	5，我不想看到有任何的人上戰場經歷死亡，好可怕，希望世界和平。	3	4,HBL 陳將雙，開無雙!	我覺得烏克蘭會贏，因為好像比較多國家支持烏克蘭，人多力量大。贏家可以拿到錢吧，輸家要賠償贏家的損失。	啟用核四	要回去掃墓，祖先們的墓都放在同一個地方，因此只要掃一個地方即可。	支持，只有兩個人相愛就給他們結婚的權利沒關西。	打了兩劑AZ，但我沒有特別挑選廠牌!	這幾天有看到那個炸火車站的新聞，死了50多人，看到真的很難過，也感嘆戰爭的無情，以及人類的脆弱，希望世界上再也不要有戰爭!大家都可以開開心心的生活。	有接到過，但我通常都會直接掛掉，而且那種電話不知道為什麼都超級大聲，會讓我心情很差。	我認為謠言的組成是非事實的文字。可能要多方查證，多看一點資訊，才不會只看到單一的片面之詞就被誤導!	對我來說是無所謂，因為我也不太懂政治，也沒在關注，也都沒去投票	沒有，頭好壯壯沒事的	我認同!因為依照確診的情狀來看，打疫苗確實可以降低重症機率!	我沒意見，只要他有能力得到選票以及做好份內的工作即可。	不認同，而且我認為雙北的疫情根本沒有趨緩的感覺，應該也還沒達到高峰，每天的確診人數都在不段刷新紀錄。
P34	05.非常反對（在這次俄羅斯出兵烏克蘭的理由為指控烏克蘭對境內烏東傾蘇人民進行種族清洗、迫害，俄羅斯需要保護這些人因而入侵烏克蘭。然而針對此問題需要先從「烏克蘭是否有種族清洗」的命題開始來看，種族清洗（ethnic cleansing），泛指基於「族群同質化」（homogenization）等目的，以各種非人道手段，將某一族群團體從某一領土上驅離、清除，尤其常發生於邊境地帶、少數或不受歡迎的族群上。過去種族清洗的例子例如盧安達大屠殺、德國納粹，顯然國際社會乃至國際法庭皆有介入，而烏克蘭則未有類似的新聞，也就由反面應證了境內並沒有種族清洗的事實，換句話說，烏克蘭根本不存在「納粹化」的議題，也就不存在「去納粹化」的問題。去納粹化的主張單純只是俄羅斯找尋入侵烏克蘭的藉口罷了。）	05.非常反對	03.跳電（在核電的議題上我認為我支持核電但反對核四啟用(因核四的興建過程的確存在許多瑕疵)，而這次全台停電問題單純只是因為台電機械出錯導致跳電，並不存在缺電議題，缺電的命題則是由擁核人士所提出，認為如果核四重啟公投通過就不會有缺電的問題，但這是存在邏輯謬誤的，一是實際上這次停電的結果也顯示台電備載電量是足夠的，也就是説並非因缺電導致；二是即便當時重啟核四公投通過，仍未來得及在這次停電之前開始運作，也就是說核四的運作與否和這次停電議題是虛假相關。）	我比較在乎烏俄戰爭，因為我認為這樣的新聞更有延續性，並且就目前為止戰況持續有在發展，並未進入焦土戰，也開始有專家針對戰爭做出進一步的分析，並期待戰爭盡快結速。	我認為最後烏克蘭會獲勝，由《集體安全理論》的觀點來看，強國需要中小型的成員國以壯大其聲勢，而其他成員國則需大國的保護。該安全體系通過建立壓倒性優勢的力量以提供對付可能侵略者的安全體系，藉此幫助小國和弱國家擺脫處於均勢體系中的不利地位，而正是目前烏克蘭的情境，烏克蘭因集體安全體系的鞏固而從中得利(大國因此有給予援助的動機)，此外，若烏克蘭在此侵略中落敗，那便意味著北約觸及邊境更佳限縮，對於北約的圍堵政策而言有著戰略性的損失。同理，戰役之於俄國，若俄國獲勝，那麼代表北約擴張的失利，威權勢力的觸角更為接近歐陸自由世界各國領土。	我認為應該持續推動綠能發展，減少火力發電的使用。	我們家沒有在掃墓的習慣，所以不會掃墓。	我認為目前已經立法的婚姻政策僅限縮於「是否可以結婚？」的框架之下，確實已經是一個很大的進步，但顯然許多後續的配套措施是未能妥善安排的，例如是否可以人工受孕和找代理孕母的議題仍然在討論中，但這使得同性伴侶若想要有小孩必須要存一大筆錢到國外進行人工受孕才有辦法完成目的，期待未來還有更大且快速的進步。	目前完成注射3劑，前兩劑為AZ，最後一劑是莫德納	我印象最深的新聞是烏克蘭總理將北約國家分為四類，認為北約各國其實在烏俄戰爭中有著不同的目的。	因為住的地方沒有市內電話所以不會接到，但很希望有機會可以接到拜票電話。	我認為謠言的組成來自於假消息，並且經由媒體受聽人未經查證又再轉傳，導致演變成似是而非的資訊。可以經由假消息查核中心進行查核。	我支持滿18歲的本國籍人士需要擁有投票權。依我國「刑法」規定第18條規定，18歲以上需負完全刑事責任，換句話說依據我國法律18歲是一個重要的年齡分水嶺，作為一個個人是否可以全權負擔己身責任的標準。然18~20歲族群，雖享有刑事責任，然卻無投票權。若18歲人士不具投票權，則對此族群之權利與義務上，有產生政治參與上不對等之疑慮。	我沒有購買快篩試劑因為我覺得醫療量能應該留給其他更需要的人，例如工作有規定必須有近期快篩結果的人們使用。	我認同打疫苗利大於弊的想法，因為整體來看，國外已經在嘗試與病毒共存，那勢必要能夠達到全體免疫的大條件下，必須要有一定程度的疫苗施打率，那打疫苗便是必要的。	我是不支持蔣家後代從政的，就轉型正義的角度來說，台灣應該要是去蔣的，然而事實是中正紀念堂還在、各校蔣公銅像還在，這些時時刻刻提醒著白色恐怖的受害者家屬們，當初的迫害者依然以「偉人」的形象在被紀念著。而蔣家後代從政(蔣萬安)，之所以會成為問題，便是出在他之所以能選上公職某種程度就是受到了二蔣名望的庇蔭而獲益，但這顯然與去蔣的轉型正義脈絡是有出入的。	我覺得我是同意的，因為我們目前的目標是要與病毒共存，因此應該要達到全體免疫的脈絡之下，絕大多數的人應該都需要有確診過，只是時間早晚的問題，所以如果在醫療量能能附載的情況下，提高確診率是好的
P35	5	5	4.官僚科層制問題	1.烏俄之戰	烏國。對烏克蘭來說，如果獲得勝利，主要得到的好處可能為更有機會加入北約與歐盟，除了國際地位的提升，其實也進一步活化了兩個組織內部的軍事化與團結	對電力基礎設施總體檢，發電、輸配電風險降至最低。此外，台灣最主要用電為工業用電，政策上應該讓企業產商負擔更多外部成本，而非讓其無限擴張	需要/祖先(雙親兩邊都要)/一邊去靈骨塔拜，一邊想傳統掃墓去墳墓區拔草拜拜等等	大方向上認同，但很多地方希望可以更好，如跨國的婚姻以及同志家庭收養等等，這些議題上期待能越來越開放	兩劑；都BNT	澤倫斯基在各國的演講	不住家裡，手機沒接過	包裝在真實中，很多時候真假難分，可以大體上用AI，但爭議或難以判斷真的要多方查證	支持	沒有	不認同	理念上我認為可以，如果他能將所有過去的過錯等文件全部開誠布公，承認過去的錯誤，讓選民判斷，那我不會不支持他參選。但現實面上，目前的狀況基本上不太可能那樣，你不能享受暴政的好處又只喊者他有自己的權力又不負責任，所以我不支持。	支持
P36	2 有點支持，烏克蘭自 2014年起過於打壓親俄民意，不論是輿論上或是軍事上	4 有點反對，宣戰理由過於牽強，且已經侵害到他國主權	2 缺電，人民普遍想永續發展，但是又不希望電費漲價，無法在兩者間作出取捨，自然就會產生缺電問題	烏俄之戰，因為相關新聞的曝光率較高，很難不去關注它	俄國慘勝。跟冬季戰爭的結果差不多，被侵略國會割讓部分領土，但主權仍能保持完整。	電費調漲，促使人民能逐步養成省電習慣。	(1) 需要回家掃墓 (2) 爺爺、奶奶、祖母的墓 (3) 提早去掃墓，我們家已經於 3月中掃完了	沒意見，本身不是同志，因此沒有了解相關政策的必要。	3劑，AZ+AZ+莫德納	屠殺平民	曾接到過拜票錄音，我通常會直接掛斷。	懶人包、聳動的標題、半真半假的內容，這些是謠言的主要成分。可以參考「TFC 台灣事實查核中心」所提供的方法去查證假消息（相關字詞查詢、以圖搜圖、外文搜尋等）。	支持，印象中大多數民主國家的投票權門檻都在 18 歲左右。	沒有。因為沒有被要求快篩，因此無囤積的必要。	不認同，疫苗的作用本來就是提升免疫力，不懂為甚麼有人會認為打疫苗弊大於利。	沒意見。現在台灣的民主狀態相當穩定，只要上台的人不是極端派份子，基本上對於台灣政治是利大於弊，不會有太多負面結果。一方面是因為有成熟的監督機制，使當權者無法過度濫權，另一方面是因為蔣家後代的從政，能夠體現出部分的民意。	認同。感覺目前的疫情狀態跟流感差不多，僅有極少部分的患者死亡。因此總體來說，總死亡人數並不會有太大的變化，使得負超額死亡的情形發生。
P37	3.沒意見	4.有點反對	3.跳電	HBL	烏克蘭， 獲得尊重	尋找替代能源	需要，掃爸爸那邊的祖先，去靈骨塔拜拜。	不是很在乎，跟我沒什麼關係。	3,都是BNT	PLG職籃 高雄鋼鐵人伸援手，助烏克蘭籃球國家隊職員赴台避戰火	否，我有裝whoscall，不會亂接電話	未經證實的資訊	支持		不認同	沒有意見	沒有意見
P38	3	4	2	烏俄之戰	俄羅斯，獲得領土、勢力。	換執政黨、政策	不用 家中很久沒有掃墓習慣了	支持，愛情不分性別取向。	2劑 都是bnt	俄羅斯說要退出烏克蘭	沒有。應該會掛掉。	就是亂講話、謊言，不要相信任何事就好	不同意	沒有	不知道 我打滿三劑還是確診 而且超不舒服	同意 哪有關係	還好 部分同意
P39	3(沒意見)因為去不去納粹化只是一個戰爭的理由，所以考慮烏克蘭有沒有納粹主義就不重要，根本原因還是俄羅斯為甚麼要發起戰爭	5(非常反對)不支持是因為有更和平的方法，戰爭最後損傷的只是下層，無論是利益還是甚麼糾葛，戰爭傷的也不會是決策者，而是平民、士兵	3(跳電)因為我雖然是住屋但也沒有突然停電，雖然當天也沒電 但是有台電提前來說 才整排停電，所以覺得其他人無預警停電應該是跳電	HBL	我覺得應該是俄國會贏得戰爭，因為烏克蘭人民開始跑走了，所以也許最後戰爭俄國勝利後，只剩下空空的土地以及少部分捨不得離開的烏克蘭民眾，同時，俄國可能會收穫到一些攻擊的言論，不過大概這些言論不太會有甚麼實際的功用，過幾年應該就會沉寂了。	我覺得要讓電力供應變穩定，還是要請相關人員想想辦法，如果是需要新的電廠之類，那應該要有相關可能造成環境副作用、評估之類，公開讓當地民眾討論，決定是否建造，如果真的不行，當然就只能根據評估選擇副作用最低的地方建造，畢竟為了有電，總是有人要犧牲，並提供一些補償提高他們的意願。	不會，但會回去靈骨塔拜拜，拜父親跟祖先。準備水果還有一些吃的，參拜後等大概3炷香時間收東西。	因為我不是那個族群的人，我覺得對我來說沒有甚麼影響，其他人喜歡怎麼樣有他們的自由，就尊重他們的喜好。	BNT、BNT、莫德納	最近沒有關注新聞，所以沒有印象深刻的烏俄戰爭新聞。	有，曾經在宿舍接過錄音檔拜票，直接掛掉。	謠言的組成來自於一開始就是假訊息，還有一種是部分真實的訊息，可是在傳輸的過程中被錯誤理解、加字減字，最後變成不近真實的謠言。比較有效查證的是翻閱書籍或者網路上找相關資料，並在各種資料中比對判斷。	贊成，有投票權之後，有些不關心政治的人也會被迫需要了解自己要投誰，想法如何，並需要收集相關資料。	沒有	不認同，我覺得謠言好像都比較偏向片面的說法，而且還要考慮前一題，如果重症率降低，而且打疫苗的不適那幾天其實已經相對較可以接受，因為你可以控制你甚麼時候打疫苗，選擇較方便在家休養的時間在去打，而如果沒打疫苗重症來臨那天，你也不一定有時間可以在家休養。以機率而言，兩個看法的立足點完全不同，所以也沒法直接進行比較。	支持，因為我覺得個人的政治手段、想法，可能不一定會跟前一代一樣，所以我覺得每個人都是獨立的，儘管都姓蔣，但是支不支持應該看個人，以個人的話我覺得可以試試看，再觀察看看他從政的情況，況且不少人選前表現得不錯，選後一樣怪怪的。	認同，因為他的原因是去年負超額死亡，並且把相關數據有提出來，那確實假定全部都是無症狀感染者，那確實跟去年疫情還沒爆發情況差不多，那的確無症狀者稱為好的黑數也無不可，而這樣的情況如去年的話甚至死亡率要低於還沒有疫情的情況，姑且不論原因的話，所以我覺得何美鄉的說法我個人覺得可以!!